id;first_name;last_name;street_name;city;state;zip
1;Maybelle;Kemmer;Valentin Roads;Turcotteberg;Lilangeni Frozen hacking;60511
2;Kenyon;Gutkowski;Hillard Stream;Jerdeside;bypassing;66365
3;Deven;Paucek;McDermott Well;Thompsonside;supply-chains Corporate;33863
4;Delia;Kertzmann;Bartell Mission;Lake Easter;Savings Account;97887
5;Naomi;Eichmann;Muller Dam;Bentonshire;Car Chile platforms;64063
6;Ole;Huel;Koss Summit;Xzaviermouth;South Georgia and the South Sandwich Islands;56707
7;Manuela;Hahn;Gutmann Summit;Tyreekview;Pizza;17379
8;Delphia;Gleason;Ona Mountains;South Nora;Personal Loan Account;66999
9;Moshe;Bailey;Goyette Parkway;New Amanifort;Human ubiquitous initiative;16101
10;Lavern;Wuckert;Minerva Plains;North Olenfort;HTTP Shirt Gardens;86441
